run_id,response_tokens,trainer_input_tokens,training_seconds
full-python-oracle-rloo-s101-01,2864965,3754973,2749.821552569978
full-python-cheap-rloo-s101-01,3496808,4386816,3687.030918895267
full-python-linear-ipw-s101-01,3191586,4081594,3043.4466215716675
full-python-oracle-only-s101-01,2932572,3822580,3071.1749828672037
full-python-oracle-centered-s101-01,2889122,3779130,3286.2826491715387
full-python-linear-replace-s101-01,3595849,4485857,2913.643232452683
full-python-linear-ipw-s202-long-01,8764902,11438426,6153.479507046752
full-python-oracle-only-s202-long-01,9278967,11952491,6178.0791247477755
full-python-group-scaled-ipw-s202-long-01,11846181,14519705,8367.620397522114
full-python-linear-ipw-s303-long-01,8732926,11403450,7502.043279193342
full-python-oracle-only-s303-long-01,8829939,11500463,6738.029753160663
full-python-oracle-centered-s303-long-01,8491906,11162430,6623.312770569697
full-python-group-scaled-ipw-s303-long-01,10214324,12884848,8210.942861867137
full-python-oracle-rloo-s303-long-01,8128006,10798530,4037.336959294975
full-python-oracle-group-scaled-s303-long-01,8351896,11022420,3897.2488218955696
full-python-preaudit-scaled-ipw-s303-long-01,9255473,11925997,7347.334718733095
full-python-preaudit-scaled-ipw-s202-long-01,9173051,11846575,6721.230929411948
full-python-cheap-rloo-s202-01,3701212,4592888,2809.1263933340088
full-python-cheap-grpo-s202-long-01,10956345,13629869,7925.167544679251
full-python-cheap-grpo-s202-40-01,3826108,4717784,2669.526648926083
full-python-cheap-grpo-s303-long-01,11039353,13709877,7899.059721717145
full-python-cheap-grpo-s303-40-01,3621481,4511225,2635.242675086949
