run_id,step,audits,audited_false_positives,recorded_grad_norm
full-python-group-scaled-ipw-s303-long-01,1,2,0,0.51953125
full-python-group-scaled-ipw-s303-long-01,2,3,0,0.5546875
full-python-group-scaled-ipw-s303-long-01,3,2,0,0.498046875
full-python-group-scaled-ipw-s303-long-01,4,3,0,0.322265625
full-python-group-scaled-ipw-s303-long-01,5,2,0,0.421875
full-python-group-scaled-ipw-s303-long-01,6,3,0,0.46484375
full-python-group-scaled-ipw-s303-long-01,7,2,1,0.4609375
full-python-group-scaled-ipw-s303-long-01,8,3,0,0.466796875
full-python-group-scaled-ipw-s303-long-01,9,3,1,0.4375
full-python-group-scaled-ipw-s303-long-01,10,2,0,0.44140625
full-python-group-scaled-ipw-s303-long-01,11,3,1,0.373046875
full-python-group-scaled-ipw-s303-long-01,12,2,2,0.408203125
full-python-group-scaled-ipw-s303-long-01,13,3,3,0.27734375
full-python-group-scaled-ipw-s303-long-01,14,2,2,0.46875
full-python-group-scaled-ipw-s303-long-01,15,3,2,0.228515625
full-python-group-scaled-ipw-s303-long-01,16,2,2,0.26171875
full-python-group-scaled-ipw-s303-long-01,17,3,3,0.33984375
full-python-group-scaled-ipw-s303-long-01,18,3,3,0.4140625
full-python-group-scaled-ipw-s303-long-01,19,2,2,0.1669921875
full-python-group-scaled-ipw-s303-long-01,20,3,3,0.177734375
full-python-group-scaled-ipw-s303-long-01,21,2,2,0.158203125
full-python-group-scaled-ipw-s303-long-01,22,3,3,0.2373046875
full-python-group-scaled-ipw-s303-long-01,23,2,2,0.17578125
full-python-group-scaled-ipw-s303-long-01,24,3,3,0.158203125
full-python-group-scaled-ipw-s303-long-01,25,3,3,0.1533203125
full-python-group-scaled-ipw-s303-long-01,26,2,2,0.11328125
full-python-group-scaled-ipw-s303-long-01,27,3,3,0.1845703125
full-python-group-scaled-ipw-s303-long-01,28,2,2,0.09228515625
full-python-group-scaled-ipw-s303-long-01,29,3,3,0.17578125
full-python-group-scaled-ipw-s303-long-01,30,2,2,0.11181640625
full-python-group-scaled-ipw-s303-long-01,31,3,3,0.12255859375
full-python-group-scaled-ipw-s303-long-01,32,2,2,0.251953125
full-python-group-scaled-ipw-s303-long-01,33,3,3,0.201171875
full-python-group-scaled-ipw-s303-long-01,34,3,3,0.0986328125
full-python-group-scaled-ipw-s303-long-01,35,2,2,0.0888671875
full-python-group-scaled-ipw-s303-long-01,36,3,3,0.1982421875
full-python-group-scaled-ipw-s303-long-01,37,2,2,0.251953125
full-python-group-scaled-ipw-s303-long-01,38,3,3,0.1259765625
full-python-group-scaled-ipw-s303-long-01,39,2,2,0.126953125
full-python-group-scaled-ipw-s303-long-01,40,3,3,0.185546875
full-python-group-scaled-ipw-s303-long-01,41,2,2,0.126953125
full-python-group-scaled-ipw-s303-long-01,42,3,3,0.0947265625
full-python-group-scaled-ipw-s303-long-01,43,3,3,0.103515625
full-python-group-scaled-ipw-s303-long-01,44,2,2,0.1015625
full-python-group-scaled-ipw-s303-long-01,45,3,3,0.134765625
full-python-group-scaled-ipw-s303-long-01,46,2,2,0.1513671875
full-python-group-scaled-ipw-s303-long-01,47,3,3,0.07470703125
full-python-group-scaled-ipw-s303-long-01,48,2,2,0.0966796875
full-python-group-scaled-ipw-s303-long-01,49,3,3,0.11767578125
full-python-group-scaled-ipw-s303-long-01,50,3,3,0.1396484375
full-python-group-scaled-ipw-s303-long-01,51,2,2,0.0859375
full-python-group-scaled-ipw-s303-long-01,52,3,2,0.09716796875
full-python-group-scaled-ipw-s303-long-01,53,2,2,0.1240234375
full-python-group-scaled-ipw-s303-long-01,54,3,3,0.2353515625
full-python-group-scaled-ipw-s303-long-01,55,2,2,0.119140625
full-python-group-scaled-ipw-s303-long-01,56,3,3,0.1640625
full-python-group-scaled-ipw-s303-long-01,57,2,2,0.07373046875
full-python-group-scaled-ipw-s303-long-01,58,3,3,0.1435546875
full-python-group-scaled-ipw-s303-long-01,59,3,3,0.154296875
full-python-group-scaled-ipw-s303-long-01,60,2,2,0.1455078125
full-python-group-scaled-ipw-s303-long-01,61,3,3,0.169921875
full-python-group-scaled-ipw-s303-long-01,62,2,2,0.65234375
full-python-group-scaled-ipw-s303-long-01,63,3,3,0.1494140625
full-python-group-scaled-ipw-s303-long-01,64,2,2,0.1640625
full-python-group-scaled-ipw-s303-long-01,65,3,3,0.0966796875
full-python-group-scaled-ipw-s303-long-01,66,2,2,0.1474609375
full-python-group-scaled-ipw-s303-long-01,67,3,3,0.1103515625
full-python-group-scaled-ipw-s303-long-01,68,3,3,0.1953125
full-python-group-scaled-ipw-s303-long-01,69,2,2,0.07568359375
full-python-group-scaled-ipw-s303-long-01,70,3,3,0.111328125
full-python-group-scaled-ipw-s303-long-01,71,2,2,0.099609375
full-python-group-scaled-ipw-s303-long-01,72,3,2,0.1865234375
full-python-group-scaled-ipw-s303-long-01,73,2,2,0.1259765625
full-python-group-scaled-ipw-s303-long-01,74,3,3,0.091796875
full-python-group-scaled-ipw-s303-long-01,75,3,3,0.255859375
full-python-group-scaled-ipw-s303-long-01,76,2,2,0.08447265625
full-python-group-scaled-ipw-s303-long-01,77,3,3,0.103515625
full-python-group-scaled-ipw-s303-long-01,78,2,2,0.095703125
full-python-group-scaled-ipw-s303-long-01,79,3,3,0.115234375
full-python-group-scaled-ipw-s303-long-01,80,2,2,0.061279296875
full-python-group-scaled-ipw-s303-long-01,81,3,3,0.3671875
full-python-group-scaled-ipw-s303-long-01,82,2,2,0.076171875
full-python-group-scaled-ipw-s303-long-01,83,3,3,0.10009765625
full-python-group-scaled-ipw-s303-long-01,84,3,3,0.0771484375
full-python-group-scaled-ipw-s303-long-01,85,2,2,0.134765625
full-python-group-scaled-ipw-s303-long-01,86,3,3,0.0908203125
full-python-group-scaled-ipw-s303-long-01,87,2,2,0.04833984375
full-python-group-scaled-ipw-s303-long-01,88,3,3,0.142578125
full-python-group-scaled-ipw-s303-long-01,89,2,2,0.1416015625
full-python-group-scaled-ipw-s303-long-01,90,3,2,0.1279296875
full-python-group-scaled-ipw-s303-long-01,91,2,2,0.08544921875
full-python-group-scaled-ipw-s303-long-01,92,3,3,0.162109375
full-python-group-scaled-ipw-s303-long-01,93,3,3,0.1806640625
full-python-group-scaled-ipw-s303-long-01,94,2,2,0.134765625
full-python-group-scaled-ipw-s303-long-01,95,3,3,0.1494140625
full-python-group-scaled-ipw-s303-long-01,96,2,2,0.0732421875
full-python-group-scaled-ipw-s303-long-01,97,3,2,0.11767578125
full-python-group-scaled-ipw-s303-long-01,98,2,2,0.0966796875
full-python-group-scaled-ipw-s303-long-01,99,3,3,0.138671875
full-python-group-scaled-ipw-s303-long-01,100,3,3,0.10498046875
full-python-group-scaled-ipw-s303-long-01,101,2,2,0.1435546875
full-python-group-scaled-ipw-s303-long-01,102,3,3,0.12158203125
full-python-group-scaled-ipw-s303-long-01,103,2,2,0.0947265625
full-python-group-scaled-ipw-s303-long-01,104,3,3,0.1533203125
full-python-group-scaled-ipw-s303-long-01,105,2,2,0.09130859375
full-python-group-scaled-ipw-s303-long-01,106,3,3,0.10791015625
full-python-group-scaled-ipw-s303-long-01,107,2,2,0.0888671875
full-python-group-scaled-ipw-s303-long-01,108,3,2,0.11669921875
full-python-group-scaled-ipw-s303-long-01,109,3,3,0.08154296875
full-python-group-scaled-ipw-s303-long-01,110,2,2,0.1142578125
full-python-group-scaled-ipw-s303-long-01,111,3,2,0.134765625
full-python-group-scaled-ipw-s303-long-01,112,2,2,0.10546875
full-python-group-scaled-ipw-s303-long-01,113,3,3,0.091796875
full-python-group-scaled-ipw-s303-long-01,114,2,2,0.10400390625
full-python-group-scaled-ipw-s303-long-01,115,3,3,0.10009765625
full-python-group-scaled-ipw-s303-long-01,116,2,2,0.1982421875
full-python-group-scaled-ipw-s303-long-01,117,3,3,0.1494140625
full-python-group-scaled-ipw-s303-long-01,118,3,3,0.1318359375
full-python-group-scaled-ipw-s303-long-01,119,2,2,0.08203125
full-python-group-scaled-ipw-s303-long-01,120,3,3,0.1611328125
full-python-linear-ipw-s303-long-01,1,2,0,0.26953125
full-python-linear-ipw-s303-long-01,2,3,0,0.283203125
full-python-linear-ipw-s303-long-01,3,2,0,0.236328125
full-python-linear-ipw-s303-long-01,4,3,0,0.2041015625
full-python-linear-ipw-s303-long-01,5,2,1,6.625
full-python-linear-ipw-s303-long-01,6,3,1,3.09375
full-python-linear-ipw-s303-long-01,7,2,0,0.25390625
full-python-linear-ipw-s303-long-01,8,3,0,0.259765625
full-python-linear-ipw-s303-long-01,9,3,0,0.2333984375
full-python-linear-ipw-s303-long-01,10,2,1,2.8125
full-python-linear-ipw-s303-long-01,11,3,0,0.24609375
full-python-linear-ipw-s303-long-01,12,2,0,0.2275390625
full-python-linear-ipw-s303-long-01,13,3,0,0.2734375
full-python-linear-ipw-s303-long-01,14,2,0,0.1884765625
full-python-linear-ipw-s303-long-01,15,3,0,0.193359375
full-python-linear-ipw-s303-long-01,16,2,0,0.1923828125
full-python-linear-ipw-s303-long-01,17,3,0,0.2158203125
full-python-linear-ipw-s303-long-01,18,3,0,0.208984375
full-python-linear-ipw-s303-long-01,19,2,1,0.90625
full-python-linear-ipw-s303-long-01,20,3,0,0.201171875
full-python-linear-ipw-s303-long-01,21,2,0,0.201171875
full-python-linear-ipw-s303-long-01,22,3,0,0.279296875
full-python-linear-ipw-s303-long-01,23,2,0,0.1923828125
full-python-linear-ipw-s303-long-01,24,3,0,0.1787109375
full-python-linear-ipw-s303-long-01,25,3,0,0.2138671875
full-python-linear-ipw-s303-long-01,26,2,0,0.18359375
full-python-linear-ipw-s303-long-01,27,3,0,0.1875
full-python-linear-ipw-s303-long-01,28,2,0,0.259765625
full-python-linear-ipw-s303-long-01,29,3,0,0.177734375
full-python-linear-ipw-s303-long-01,30,2,0,0.244140625
full-python-linear-ipw-s303-long-01,31,3,1,3.765625
full-python-linear-ipw-s303-long-01,32,2,1,4.84375
full-python-linear-ipw-s303-long-01,33,3,0,0.2470703125
full-python-linear-ipw-s303-long-01,34,3,2,3.265625
full-python-linear-ipw-s303-long-01,35,2,0,0.25390625
full-python-linear-ipw-s303-long-01,36,3,3,7.875
full-python-linear-ipw-s303-long-01,37,2,1,1.5859375
full-python-linear-ipw-s303-long-01,38,3,1,2.140625
full-python-linear-ipw-s303-long-01,39,2,0,0.2412109375
full-python-linear-ipw-s303-long-01,40,3,1,2.203125
full-python-linear-ipw-s303-long-01,41,2,1,1.953125
full-python-linear-ipw-s303-long-01,42,3,1,2.296875
full-python-linear-ipw-s303-long-01,43,3,2,3.171875
full-python-linear-ipw-s303-long-01,44,2,0,0.205078125
full-python-linear-ipw-s303-long-01,45,3,2,3.171875
full-python-linear-ipw-s303-long-01,46,2,2,4.46875
full-python-linear-ipw-s303-long-01,47,3,2,5.0625
full-python-linear-ipw-s303-long-01,48,2,1,2.78125
full-python-linear-ipw-s303-long-01,49,3,0,0.2021484375
full-python-linear-ipw-s303-long-01,50,3,1,1.4609375
full-python-linear-ipw-s303-long-01,51,2,2,7.125
full-python-linear-ipw-s303-long-01,52,3,1,0.91015625
full-python-linear-ipw-s303-long-01,53,2,0,0.2197265625
full-python-linear-ipw-s303-long-01,54,3,0,0.2001953125
full-python-linear-ipw-s303-long-01,55,2,1,3.65625
full-python-linear-ipw-s303-long-01,56,3,0,0.1640625
full-python-linear-ipw-s303-long-01,57,2,0,0.1767578125
full-python-linear-ipw-s303-long-01,58,3,0,0.2333984375
full-python-linear-ipw-s303-long-01,59,3,1,1.5390625
full-python-linear-ipw-s303-long-01,60,2,0,0.2490234375
full-python-linear-ipw-s303-long-01,61,3,0,0.166015625
full-python-linear-ipw-s303-long-01,62,2,1,5.8125
full-python-linear-ipw-s303-long-01,63,3,0,0.255859375
full-python-linear-ipw-s303-long-01,64,2,0,0.24609375
full-python-linear-ipw-s303-long-01,65,3,0,0.251953125
full-python-linear-ipw-s303-long-01,66,2,0,0.310546875
full-python-linear-ipw-s303-long-01,67,3,0,0.263671875
full-python-linear-ipw-s303-long-01,68,3,0,0.21875
full-python-linear-ipw-s303-long-01,69,2,0,0.2001953125
full-python-linear-ipw-s303-long-01,70,3,1,1.8046875
full-python-linear-ipw-s303-long-01,71,2,1,5.0
full-python-linear-ipw-s303-long-01,72,3,1,6.5
full-python-linear-ipw-s303-long-01,73,2,0,0.2158203125
full-python-linear-ipw-s303-long-01,74,3,1,4.21875
full-python-linear-ipw-s303-long-01,75,3,0,0.1806640625
full-python-linear-ipw-s303-long-01,76,2,1,6.71875
full-python-linear-ipw-s303-long-01,77,3,1,2.25
full-python-linear-ipw-s303-long-01,78,2,0,0.2041015625
full-python-linear-ipw-s303-long-01,79,3,0,0.212890625
full-python-linear-ipw-s303-long-01,80,2,1,4.90625
full-python-linear-ipw-s303-long-01,81,3,0,0.1748046875
full-python-linear-ipw-s303-long-01,82,2,0,0.201171875
full-python-linear-ipw-s303-long-01,83,3,0,0.1865234375
full-python-linear-ipw-s303-long-01,84,3,0,0.361328125
full-python-linear-ipw-s303-long-01,85,2,0,0.248046875
full-python-linear-ipw-s303-long-01,86,3,2,3.59375
full-python-linear-ipw-s303-long-01,87,2,0,0.12890625
full-python-linear-ipw-s303-long-01,88,3,1,1.6328125
full-python-linear-ipw-s303-long-01,89,2,0,0.1962890625
full-python-linear-ipw-s303-long-01,90,3,1,4.1875
full-python-linear-ipw-s303-long-01,91,2,0,0.1826171875
full-python-linear-ipw-s303-long-01,92,3,0,0.19140625
full-python-linear-ipw-s303-long-01,93,3,0,0.177734375
full-python-linear-ipw-s303-long-01,94,2,0,0.2119140625
full-python-linear-ipw-s303-long-01,95,3,0,0.1650390625
full-python-linear-ipw-s303-long-01,96,2,0,0.1640625
full-python-linear-ipw-s303-long-01,97,3,0,0.17578125
full-python-linear-ipw-s303-long-01,98,2,0,0.2353515625
full-python-linear-ipw-s303-long-01,99,3,0,0.166015625
full-python-linear-ipw-s303-long-01,100,3,0,0.19921875
full-python-linear-ipw-s303-long-01,101,2,0,0.126953125
full-python-linear-ipw-s303-long-01,102,3,1,1.234375
full-python-linear-ipw-s303-long-01,103,2,0,0.1669921875
full-python-linear-ipw-s303-long-01,104,3,0,0.25390625
full-python-linear-ipw-s303-long-01,105,2,0,0.1875
full-python-linear-ipw-s303-long-01,106,3,0,0.1953125
full-python-linear-ipw-s303-long-01,107,2,0,0.2060546875
full-python-linear-ipw-s303-long-01,108,3,0,0.2294921875
full-python-linear-ipw-s303-long-01,109,3,0,0.18359375
full-python-linear-ipw-s303-long-01,110,2,0,0.154296875
full-python-linear-ipw-s303-long-01,111,3,1,1.1875
full-python-linear-ipw-s303-long-01,112,2,0,0.158203125
full-python-linear-ipw-s303-long-01,113,3,0,0.216796875
full-python-linear-ipw-s303-long-01,114,2,0,0.16796875
full-python-linear-ipw-s303-long-01,115,3,0,0.2060546875
full-python-linear-ipw-s303-long-01,116,2,0,0.2216796875
full-python-linear-ipw-s303-long-01,117,3,0,0.1826171875
full-python-linear-ipw-s303-long-01,118,3,0,0.25
full-python-linear-ipw-s303-long-01,119,2,0,0.1904296875
full-python-linear-ipw-s303-long-01,120,3,0,0.1494140625
